<bpy>
  <Theme>
    <user_interface>
      <ThemeUserInterface
        menu_shadow_fac="0.2"
        menu_shadow_width="4"
        icon_alpha="1"
        icon_saturation="0.5"
        widget_emboss="#00000005"
        editor_border="#161616"
        editor_outline="#1f1f1f15"
        editor_outline_active="#ffffff2a"
        widget_text_cursor="#3399e6"
        panel_roundness="0.4"
        transparent_checker_primary="#333333"
        transparent_checker_secondary="#262626"
        transparent_checker_size="8"
        axis_x="#ff3352"
        axis_y="#8bdc00"
        axis_z="#2890ff"
        gizmo_hi="#ffffff"
        gizmo_primary="#f5f14d"
        gizmo_secondary="#63ffff"
        gizmo_view_align="#ffffff"
        gizmo_a="#4da84d"
        gizmo_b="#a33535"
        icon_scene="#e6e6e6ff"
        icon_collection="#e6e6e6ff"
        icon_object="#d4c390ff"
        icon_object_data="#d4c390ff"
        icon_modifier="#ad2e3dff"
        icon_shading="#d4c390ff"
        icon_folder="#e3c16eff"
        icon_autokey="#ab3c48ff"
        icon_border_intensity="0"
        >
        <wcol_regular>
          <ThemeWidgetColors
            outline="#373737ff"
            inner="#2c2c2cff"
            inner_sel="#a1997be6"
            item="#3e3e3eff"
            text="#d9d9d9"
            text_sel="#ffffff"
            show_shaded="FALSE"
            shadetop="0"
            shadedown="-5"
            roundness="0"
            >
          </ThemeWidgetColors>
        </wcol_regular>
        <wcol_tool>
          <ThemeWidgetColors
            outline="#616161ff"
            inner="#616161ff"
            inner_sel="#a1997bff"
            item="#ffffffff"
            text="#d8d8d8"
            text_sel="#ffffff"
            show_shaded="TRUE"
            shadetop="3"
            shadedown="-2"
            roundness="0.4"
            >
          </ThemeWidgetColors>
        </wcol_tool>
        <wcol_toolbar_item>
          <ThemeWidgetColors
            outline="#161616ff"
            inner="#1c1f26ff"
            inner_sel="#a1997bff"
            item="#ffffff8f"
            text="#e6e6e6"
            text_sel="#ffffff"
            show_shaded="FALSE"
            shadetop="0"
            shadedown="0"
            roundness="0"
            >
          </ThemeWidgetColors>
        </wcol_toolbar_item>
        <wcol_radio>
          <ThemeWidgetColors
            outline="#2a2a2aff"
            inner="#2c2c2cff"
            inner_sel="#a1997be6"
            item="#ffffffff"
            text="#e6e6e6"
            text_sel="#ffffff"
            show_shaded="TRUE"
            shadetop="3"
            shadedown="-2"
            roundness="0"
            >
          </ThemeWidgetColors>
        </wcol_radio>
        <wcol_text>
          <ThemeWidgetColors
            outline="#333333ff"
            inner="#5555552a"
            inner_sel="#505050ff"
            item="#191919ff"
            text="#e6e6e6"
            text_sel="#ffffff"
            show_shaded="TRUE"
            shadetop="3"
            shadedown="0"
            roundness="0"
            >
          </ThemeWidgetColors>
        </wcol_text>
        <wcol_option>
          <ThemeWidgetColors
            outline="#373737ff"
            inner="#666666ff"
            inner_sel="#e93d4ce6"
            item="#ffffffff"
            text="#e6e6e6"
            text_sel="#ffffff"
            show_shaded="FALSE"
            shadetop="0"
            shadedown="-15"
            roundness="0"
            >
          </ThemeWidgetColors>
        </wcol_option>
        <wcol_toggle>
          <ThemeWidgetColors
            outline="#373737ff"
            inner="#595959ff"
            inner_sel="#a1997be6"
            item="#191919ff"
            text="#e6e6e6"
            text_sel="#ffffff"
            show_shaded="FALSE"
            shadetop="0"
            shadedown="0"
            roundness="0"
            >
          </ThemeWidgetColors>
        </wcol_toggle>
        <wcol_num>
          <ThemeWidgetColors
            outline="#1f1f1fff"
            inner="#5555552a"
            inner_sel="#505050ff"
            item="#19191974"
            text="#e6e6e6"
            text_sel="#ffffff"
            show_shaded="FALSE"
            shadetop="0"
            shadedown="0"
            roundness="0"
            >
          </ThemeWidgetColors>
        </wcol_num>
        <wcol_numslider>
          <ThemeWidgetColors
            outline="#444444ff"
            inner="#595959ff"
            inner_sel="#505050ff"
            item="#97242fff"
            text="#e6e6e6"
            text_sel="#ffffff"
            show_shaded="TRUE"
            shadetop="-4"
            shadedown="0"
            roundness="0"
            >
          </ThemeWidgetColors>
        </wcol_numslider>
        <wcol_box>
          <ThemeWidgetColors
            outline="#2c2c2cff"
            inner="#00000026"
            inner_sel="#696e766e"
            item="#1919196c"
            text="#e6e6e6"
            text_sel="#ffffff"
            show_shaded="FALSE"
            shadetop="0"
            shadedown="0"
            roundness="0"
            >
          </ThemeWidgetColors>
        </wcol_box>
        <wcol_menu>
          <ThemeWidgetColors
            outline="#2a2a2aff"
            inner="#2c2c2cff"
            inner_sel="#a1997bff"
            item="#e6e6e6ff"
            text="#d9d9d9"
            text_sel="#ffffff"
            show_shaded="TRUE"
            shadetop="3"
            shadedown="-2"
            roundness="0"
            >
          </ThemeWidgetColors>
        </wcol_menu>
        <wcol_pulldown>
          <ThemeWidgetColors
            outline="#4d4d4d00"
            inner="#2c2c2cff"
            inner_sel="#a1997be6"
            item="#727272ff"
            text="#d9d9d9"
            text_sel="#ffffff"
            show_shaded="FALSE"
            shadetop="25"
            shadedown="-20"
            roundness="0"
            >
          </ThemeWidgetColors>
        </wcol_pulldown>
        <wcol_menu_back>
          <ThemeWidgetColors
            outline="#19191aff"
            inner="#252525ff"
            inner_sel="#585858ff"
            item="#727272ff"
            text="#a5a5a5"
            text_sel="#ffffff"
            show_shaded="FALSE"
            shadetop="25"
            shadedown="-20"
            roundness="0"
            >
          </ThemeWidgetColors>
        </wcol_menu_back>
        <wcol_pie_menu>
          <ThemeWidgetColors
            outline="#333333ff"
            inner="#212121ff"
            inner_sel="#a1997be6"
            item="#585858ff"
            text="#d9d9d9"
            text_sel="#ffffff"
            show_shaded="FALSE"
            shadetop="10"
            shadedown="-10"
            roundness="0"
            >
          </ThemeWidgetColors>
        </wcol_pie_menu>
        <wcol_tooltip>
          <ThemeWidgetColors
            outline="#19191aff"
            inner="#19191aff"
            inner_sel="#19191aff"
            item="#19191aff"
            text="#e6e6e6"
            text_sel="#ffffff"
            show_shaded="FALSE"
            shadetop="25"
            shadedown="-20"
            roundness="0"
            >
          </ThemeWidgetColors>
        </wcol_tooltip>
        <wcol_menu_item>
          <ThemeWidgetColors
            outline="#00000000"
            inner="#00000000"
            inner_sel="#a1997be6"
            item="#ffffff8f"
            text="#e6e6e6"
            text_sel="#ffffff"
            show_shaded="FALSE"
            shadetop="38"
            shadedown="0"
            roundness="0"
            >
          </ThemeWidgetColors>
        </wcol_menu_item>
        <wcol_scroll>
          <ThemeWidgetColors
            outline="#424242ff"
            inner="#676767ff"
            inner_sel="#b3b3b3ff"
            item="#a0a0a0ff"
            text="#e6e6e6"
            text_sel="#ffffff"
            show_shaded="FALSE"
            shadetop="5"
            shadedown="-5"
            roundness="0"
            >
          </ThemeWidgetColors>
        </wcol_scroll>
        <wcol_progress>
          <ThemeWidgetColors
            outline="#585858ff"
            inner="#2c2c2cff"
            inner_sel="#5680c2ff"
            item="#5680c2ff"
            text="#e6e6e6"
            text_sel="#ffffff"
            show_shaded="FALSE"
            shadetop="0"
            shadedown="0"
            roundness="0"
            >
          </ThemeWidgetColors>
        </wcol_progress>
        <wcol_list_item>
          <ThemeWidgetColors
            outline="#2d2d2dff"
            inner="#2d2d2d00"
            inner_sel="#a1997bb2"
            item="#b3b3b3ff"
            text="#e6e6e6"
            text_sel="#ffffff"
            show_shaded="FALSE"
            shadetop="0"
            shadedown="0"
            roundness="0"
            >
          </ThemeWidgetColors>
        </wcol_list_item>
        <wcol_state>
          <ThemeWidgetStateColors
            inner_anim="#53992e"
            inner_anim_sel="#5aa633"
            inner_key="#b3ae36"
            inner_key_sel="#d7d34b"
            inner_driven="#9000cc"
            inner_driven_sel="#9900e6"
            inner_overridden="#19c3c3"
            inner_overridden_sel="#118f8f"
            inner_changed="#cc7529"
            inner_changed_sel="#e6852d"
            blend="0.5"
            >
          </ThemeWidgetStateColors>
        </wcol_state>
        <wcol_tab>
          <ThemeWidgetColors
            outline="#202020ff"
            inner="#00000000"
            inner_sel="#424242ff"
            item="#2d2d2dff"
            text="#808080"
            text_sel="#ffffff"
            show_shaded="FALSE"
            shadetop="0"
            shadedown="0"
            roundness="0"
            >
          </ThemeWidgetColors>
        </wcol_tab>
      </ThemeUserInterface>
    </user_interface>
    <view_3d>
      <ThemeView3D
        grid="#0000001d"
        clipping_border_3d="#313131ff"
        wire="#393939"
        wire_edit="#202020"
        edge_width="1"
        gp_vertex="#000000"
        gp_vertex_select="#ff8500"
        gp_vertex_size="3"
        text_grease_pencil="#b5e61d"
        object_selected="#6b87b3"
        object_active="#ffebcf"
        text_keyframe="#ddd700"
        camera="#e93d4c"
        empty="#e93d4c"
        light="#e93d4c28"
        speaker="#e93d4c"
        vertex="#1c3142"
        vertex_select="#592742"
        vertex_size="4"
        vertex_bevel="#00a5ff"
        vertex_unreferenced="#000000"
        edge_select="#5656d3"
        edge_mode_select="#965500"
        edge_seam="#db2512"
        edge_sharp="#00ffff"
        edge_crease="#cc0099"
        edge_bevel="#00a5ff"
        edge_facesel="#4b4b4b"
        freestyle_edge_mark="#7fff7f"
        face="#00000012"
        face_select="#aa9f8472"
        face_mode_select="#aa750033"
        face_dot="#ff8800"
        facedot_size="3"
        freestyle_face_mark="#7fff7f33"
        face_retopology="#50c8ff0f"
        face_back="#ff0000b3"
        face_front="#0000ffb3"
        nurb_uline="#909000"
        nurb_vline="#803060"
        nurb_sel_uline="#f0ff40"
        nurb_sel_vline="#f090a0"
        act_spline="#db2512"
        handle_free="#000000"
        handle_auto="#909000"
        handle_vect="#409030"
        handle_sel_vect="#40c030"
        handle_align="#803060"
        handle_sel_free="#000000"
        handle_sel_auto="#f0ff40"
        handle_sel_align="#f090a0"
        lastsel_point="#ffffff"
        extra_edge_len="#150806"
        extra_edge_angle="#4d4d00"
        extra_face_angle="#0000cc"
        extra_face_area="#004d00"
        editmesh_active="#ff224980"
        normal="#22dddd"
        vertex_normal="#2361dd"
        split_normal="#dd23dd"
        bone_pose="#50c8ff"
        bone_pose_active="#8cffff"
        bone_solid="#c8c8c8"
        bone_locked_weight="#ff000080"
        frame_current="#60c040"
        before_current_frame="#f22e23"
        after_current_frame="#78f244"
        bundle_solid="#c8c8c8"
        camera_path="#000000"
        camera_passepartout="#000000"
        skin_root="#b44d4d"
        view_overlay="#000000"
        transform="#ffffff"
        paint_curve_handle="#7fff7f7f"
        paint_curve_pivot="#ff7f7f7f"
        outline_width="5"
        object_origin_size="6"
        >
        <space>
          <ThemeSpaceGradient
            title="#eeeeee"
            text="#e6e6e6"
            text_hi="#ffffff"
            header="#42424200"
            header_text="#eeeeee"
            header_text_hi="#ffffff"
            button="#2a2a2a00"
            button_title="#b5b5b5"
            button_text="#e5e5e5"
            button_text_hi="#ffffff"
            navigation_bar="#00000000"
            execution_buts="#00000000"
            tab_active="#4b4b4b"
            tab_inactive="#2b2b2b"
            tab_back="#232323ff"
            tab_outline="#232323ff"
            >
            <gradients>
              <ThemeGradientColors
                background_type="LINEAR"
                high_gradient="#3b3b3b"
                gradient="#8c8c8c"
                >
              </ThemeGradientColors>
            </gradients>
            <panelcolors>
              <ThemePanelColors
                header="#80808000"
                back="#1c1f26ff"
                sub_back="#4d4d4d1a"
                >
              </ThemePanelColors>
            </panelcolors>
          </ThemeSpaceGradient>
        </space>
        <asset_shelf>
          <ThemeAssetShelf
            header_back="#1d1d1dff"
            back="#303030ff"
            >
          </ThemeAssetShelf>
        </asset_shelf>
      </ThemeView3D>
    </view_3d>
    <graph_editor>
      <ThemeGraphEditor
        grid="#2a2a2a"
        frame_current="#e93d4c"
        time_scrub_background="#292929e6"
        time_marker_line="#00000060"
        time_marker_line_selected="#ffffff60"
        window_sliders="#969696"
        channels_region="#272e33"
        dopesheet_channel="#0f2c4d"
        dopesheet_subchannel="#143e66"
        channel_group="#16330f"
        active_channels_group="#368024"
        preview_range="#a14d0066"
        vertex="#000000"
        vertex_select="#ff8500"
        vertex_active="#ffffff"
        vertex_size="6"
        vertex_bevel="#000000"
        vertex_unreferenced="#000000"
        handle_free="#000000"
        handle_auto="#909000"
        handle_vect="#409030"
        handle_sel_vect="#40c030"
        handle_align="#803060"
        handle_sel_free="#000000"
        handle_sel_auto="#f0ff40"
        handle_sel_align="#f090a0"
        handle_auto_clamped="#994030"
        handle_sel_auto_clamped="#f0af90"
        lastsel_point="#ffffff"
        handle_vertex="#000000"
        handle_vertex_select="#ff8500"
        handle_vertex_size="5"
        >
        <space>
          <ThemeSpaceGeneric
            back="#1c1f26"
            title="#ffffff"
            text="#000000"
            text_hi="#ffffff"
            header="#424242ff"
            header_text="#eeeeee"
            header_text_hi="#ffffff"
            button="#424242ff"
            button_title="#ffffff"
            button_text="#e5e5e5"
            button_text_hi="#ffffff"
            navigation_bar="#00000000"
            execution_buts="#00000000"
            tab_active="#4b4b4b"
            tab_inactive="#2b2b2b"
            tab_back="#232323ff"
            tab_outline="#232323ff"
            >
            <panelcolors>
              <ThemePanelColors
                header="#424242cc"
                back="#333333b3"
                sub_back="#0000003e"
                >
              </ThemePanelColors>
            </panelcolors>
          </ThemeSpaceGeneric>
        </space>
        <space_list>
          <ThemeSpaceListGeneric
            list="#1c1f26"
            list_title="#ffffff"
            list_text="#b8b8b8"
            list_text_hi="#ffffff"
            >
          </ThemeSpaceListGeneric>
        </space_list>
      </ThemeGraphEditor>
    </graph_editor>
    <file_browser>
      <ThemeFileBrowser
        selected_file="#e93d4c"
        row_alternate="#ffffff04"
        >
        <space>
          <ThemeSpaceGeneric
            back="#1c1f26"
            title="#ffffff"
            text="#e6e6e6"
            text_hi="#ffffff"
            header="#2e2e2eff"
            header_text="#eeeeee"
            header_text_hi="#ffffff"
            button="#1c1f26ff"
            button_title="#ffffff"
            button_text="#e5e5e5"
            button_text_hi="#ffffff"
            navigation_bar="#00000000"
            execution_buts="#26293080"
            tab_active="#4b4b4b"
            tab_inactive="#2b2b2b"
            tab_back="#232323ff"
            tab_outline="#232323ff"
            >
            <panelcolors>
              <ThemePanelColors
                header="#00000000"
                back="#6666661a"
                sub_back="#00000000"
                >
              </ThemePanelColors>
            </panelcolors>
          </ThemeSpaceGeneric>
        </space>
      </ThemeFileBrowser>
    </file_browser>
    <nla_editor>
      <ThemeNLAEditor
        grid="#2a2a2a"
        view_sliders="#969696"
        dopesheet_channel="#5a85b2"
        dopesheet_subchannel="#7d98b3"
        nla_track="#424242"
        active_action="#cc701a66"
        active_action_unset="#9987614d"
        preview_range="#a14d0066"
        strips="#0c0a0a"
        strips_selected="#ff8c00"
        transition_strips="#1c2630"
        transition_strips_selected="#2e75db"
        meta_strips="#332642"
        meta_strips_selected="#692196"
        sound_strips="#2b3d3d"
        sound_strips_selected="#1f7a7a"
        tweak="#4df31a"
        tweak_duplicate="#d90000"
        keyframe_border="#000000ff"
        keyframe_border_selected="#000000ff"
        frame_current="#5680c2"
        time_scrub_background="#292929e6"
        time_marker_line="#00000060"
        time_marker_line_selected="#ffffff60"
        >
        <space>
          <ThemeSpaceGeneric
            back="#424242"
            title="#ffffff"
            text="#000000"
            text_hi="#ffffff"
            header="#424242ff"
            header_text="#eeeeee"
            header_text_hi="#ffffff"
            button="#424242ff"
            button_title="#ffffff"
            button_text="#e5e5e5"
            button_text_hi="#ffffff"
            navigation_bar="#00000000"
            execution_buts="#00000000"
            tab_active="#4b4b4b"
            tab_inactive="#2b2b2b"
            tab_back="#232323ff"
            tab_outline="#232323ff"
            >
            <panelcolors>
              <ThemePanelColors
                header="#424242cc"
                back="#333333b3"
                sub_back="#0000003e"
                >
              </ThemePanelColors>
            </panelcolors>
          </ThemeSpaceGeneric>
        </space>
        <space_list>
          <ThemeSpaceListGeneric
            list="#333333"
            list_title="#ffffff"
            list_text="#b8b8b8"
            list_text_hi="#cccccc"
            >
          </ThemeSpaceListGeneric>
        </space_list>
      </ThemeNLAEditor>
    </nla_editor>
    <dopesheet_editor>
      <ThemeDopeSheet
        grid="#2a2a2a"
        frame_current="#e93d4c"
        time_scrub_background="#292929e6"
        time_marker_line="#00000060"
        time_marker_line_selected="#ffffff60"
        value_sliders="#000000"
        view_sliders="#c0c0c0"
        dopesheet_channel="#0f2c4d24"
        dopesheet_subchannel="#143e6624"
        channels="#272e3399"
        channels_selected="#ffebcf5f"
        channel_group="#16330f37"
        active_channels_group="#36802455"
        long_key="#1a151580"
        long_key_selected="#ff8c00cc"
        keyframe="#e8e8e8"
        keyframe_selected="#ffbe33"
        keyframe_extreme="#e8b3cc"
        keyframe_extreme_selected="#f28080"
        keyframe_breakdown="#b3dbe8"
        keyframe_breakdown_selected="#54bfed"
        keyframe_jitter="#94e575"
        keyframe_jitter_selected="#61c042"
        keyframe_movehold="#5c5656"
        keyframe_movehold_selected="#ffaf23"
        keyframe_generated="#585858"
        keyframe_generated_selected="#a28962"
        keyframe_border="#000000ff"
        keyframe_border_selected="#000000ff"
        keyframe_scale_factor="1"
        summary="#4d131ec4"
        preview_range="#a14d0066"
        interpolation_line="#94e575cc"
        simulated_frames="#721e65ff"
        >
        <space>
          <ThemeSpaceGeneric
            back="#1c1f26"
            title="#eeeeee"
            text="#747474"
            text_hi="#ffffff"
            header="#424242ff"
            header_text="#3d3d3d"
            header_text_hi="#ffffff"
            button="#424242ff"
            button_title="#ffffff"
            button_text="#e5e5e5"
            button_text_hi="#ffffff"
            navigation_bar="#00000000"
            execution_buts="#00000000"
            tab_active="#4b4b4b"
            tab_inactive="#2b2b2b"
            tab_back="#232323ff"
            tab_outline="#232323ff"
            >
            <panelcolors>
              <ThemePanelColors
                header="#424242cc"
                back="#333333b3"
                sub_back="#0000003e"
                >
              </ThemePanelColors>
            </panelcolors>
          </ThemeSpaceGeneric>
        </space>
        <space_list>
          <ThemeSpaceListGeneric
            list="#1c1f26"
            list_title="#ffffff"
            list_text="#b8b8b8"
            list_text_hi="#ffffff"
            >
          </ThemeSpaceListGeneric>
        </space_list>
      </ThemeDopeSheet>
    </dopesheet_editor>
    <image_editor>
      <ThemeImageEditor
        grid="#303030ff"
        vertex="#000000"
        vertex_select="#ff8500"
        vertex_size="3"
        vertex_bevel="#000000"
        vertex_unreferenced="#000000"
        face="#ffffff0a"
        face_select="#ff85003c"
        face_mode_select="#00000000"
        face_dot="#ff8500"
        facedot_size="3"
        freestyle_face_mark="#7fff7f33"
        face_retopology="#00000000"
        face_back="#00000000"
        face_front="#00000000"
        editmesh_active="#ffffff80"
        wire_edit="#c0c0c0"
        edge_width="1"
        edge_select="#ff8500"
        scope_back="#727272ff"
        preview_stitch_face="#7f7f0033"
        preview_stitch_edge="#ff00ff33"
        preview_stitch_vert="#0000ff33"
        preview_stitch_stitchable="#00ff00ff"
        preview_stitch_unstitchable="#ff0000ff"
        preview_stitch_active="#e1d2c323"
        uv_shadow="#707070ff"
        frame_current="#60c040"
        metadatabg="#000000"
        metadatatext="#ffffff"
        handle_free="#000000"
        handle_auto="#909000"
        handle_align="#803060"
        handle_sel_free="#000000"
        handle_sel_auto="#f0ff40"
        handle_sel_align="#f090a0"
        handle_auto_clamped="#000000"
        handle_sel_auto_clamped="#000000"
        handle_vertex="#000000"
        handle_vertex_select="#ffff00"
        handle_vertex_size="5"
        paint_curve_handle="#7fff7f7f"
        paint_curve_pivot="#ff7f7f7f"
        >
        <space>
          <ThemeSpaceGeneric
            back="#232323"
            title="#eeeeee"
            text="#e6e6e6"
            text_hi="#ffffff"
            header="#424242ff"
            header_text="#eeeeee"
            header_text_hi="#ffffff"
            button="#35353500"
            button_title="#ffffff"
            button_text="#e5e5e5"
            button_text_hi="#ffffff"
            navigation_bar="#00000000"
            execution_buts="#00000000"
            tab_active="#4b4b4b"
            tab_inactive="#2b2b2b"
            tab_back="#232323ff"
            tab_outline="#232323ff"
            >
            <panelcolors>
              <ThemePanelColors
                header="#424242cc"
                back="#1c1f26b3"
                sub_back="#0000003e"
                >
              </ThemePanelColors>
            </panelcolors>
          </ThemeSpaceGeneric>
        </space>
        <asset_shelf>
          <ThemeAssetShelf
            header_back="#1d1d1dff"
            back="#303030ff"
            >
          </ThemeAssetShelf>
        </asset_shelf>
      </ThemeImageEditor>
    </image_editor>
    <sequence_editor>
      <ThemeSequenceEditor
        grid="#404040"
        window_sliders="#a0a0a0"
        movie_strip="#516987"
        movieclip_strip="#20208f"
        image_strip="#6d5881"
        scene_strip="#4e983e"
        audio_strip="#2e8f8f"
        effect_strip="#a9547c"
        transition_strip="#50458f"
        color_strip="#8f8f8f"
        meta_strip="#6d9183"
        mask_strip="#666666"
        text_strip="#a29700"
        active_strip="#d9d9d9"
        selected_strip="#ff8f0d"
        frame_current="#5680c2"
        time_scrub_background="#292929e6"
        time_marker_line="#00000060"
        time_marker_line_selected="#ffffff60"
        keyframe="#ff8500"
        keyframe_selected="#ffbe33"
        keyframe_breakdown="#b3dbe8"
        keyframe_breakdown_selected="#54bfed"
        keyframe_movehold="#808080"
        keyframe_movehold_selected="#ffaf23"
        keyframe_generated="#585858"
        keyframe_generated_selected="#a28962"
        keyframe_border="#000000ff"
        keyframe_border_selected="#000000ff"
        draw_action="#50c8ff"
        preview_back="#000000"
        metadatabg="#000000"
        metadatatext="#ffffff"
        preview_range="#a14d0066"
        row_alternate="#ffffff05"
        >
        <space>
          <ThemeSpaceGeneric
            back="#424242"
            title="#eeeeee"
            text="#000000"
            text_hi="#ffffff"
            header="#424242ff"
            header_text="#eeeeee"
            header_text_hi="#ffffff"
            button="#424242ff"
            button_title="#ffffff"
            button_text="#e5e5e5"
            button_text_hi="#ffffff"
            navigation_bar="#00000000"
            execution_buts="#00000000"
            tab_active="#4b4b4b"
            tab_inactive="#2b2b2b"
            tab_back="#232323ff"
            tab_outline="#232323ff"
            >
            <panelcolors>
              <ThemePanelColors
                header="#424242cc"
                back="#333333b3"
                sub_back="#0000003e"
                >
              </ThemePanelColors>
            </panelcolors>
          </ThemeSpaceGeneric>
        </space>
        <space_list>
          <ThemeSpaceListGeneric
            list="#181818"
            list_title="#ffffff"
            list_text="#ffffff"
            list_text_hi="#ffffff"
            >
          </ThemeSpaceListGeneric>
        </space_list>
      </ThemeSequenceEditor>
    </sequence_editor>
    <properties>
      <ThemeProperties
        match="#4772b3"
        active_modifier="#4772b3ff"
        >
        <space>
          <ThemeSpaceGeneric
            back="#1c1f26"
            title="#d4d4d4"
            text="#e6e6e6"
            text_hi="#ffffff"
            header="#424242ff"
            header_text="#eeeeee"
            header_text_hi="#ffffff"
            button="#424242ff"
            button_title="#ffffff"
            button_text="#e5e5e5"
            button_text_hi="#ffffff"
            navigation_bar="#232323ff"
            execution_buts="#00000052"
            tab_active="#4b4b4b"
            tab_inactive="#2b2b2b"
            tab_back="#232323ff"
            tab_outline="#232323ff"
            >
            <panelcolors>
              <ThemePanelColors
                header="#00000000"
                back="#6666661a"
                sub_back="#9a9a9a1a"
                >
              </ThemePanelColors>
            </panelcolors>
          </ThemeSpaceGeneric>
        </space>
      </ThemeProperties>
    </properties>
    <text_editor>
      <ThemeTextEditor
        line_numbers="#d0d0d0"
        line_numbers_background="#313133"
        selected_text="#19191a"
        cursor="#ff0000"
        syntax_builtin="#ff1961"
        syntax_symbols="#ff734d"
        syntax_special="#95d600"
        syntax_preprocessor="#ad80ff"
        syntax_reserved="#c4753b"
        syntax_comment="#939393"
        syntax_string="#f6e162"
        syntax_numbers="#50dbff"
        >
        <space>
          <ThemeSpaceGeneric
            back="#303030"
            title="#eeeeee"
            text="#e6e6e6"
            text_hi="#ffffff"
            header="#42424200"
            header_text="#eeeeee"
            header_text_hi="#ffffff"
            button="#424242ff"
            button_title="#ffffff"
            button_text="#e5e5e5"
            button_text_hi="#ffffff"
            navigation_bar="#00000000"
            execution_buts="#00000000"
            tab_active="#4b4b4b"
            tab_inactive="#2b2b2b"
            tab_back="#232323ff"
            tab_outline="#232323ff"
            >
            <panelcolors>
              <ThemePanelColors
                header="#42424200"
                back="#333333b3"
                sub_back="#0000003e"
                >
              </ThemePanelColors>
            </panelcolors>
          </ThemeSpaceGeneric>
        </space>
      </ThemeTextEditor>
    </text_editor>
    <node_editor>
      <ThemeNodeEditor
        grid="#282828"
        node_selected="#ed5700"
        node_active="#ffffff"
        wire="#808080ff"
        wire_inner="#808080"
        wire_select="#ffffffb3"
        selected_text="#7f7070"
        node_backdrop="#565656ff"
        converter_node="#66c4ff"
        color_node="#ccb83d"
        group_node="#426628"
        group_socket_node="#1a1a1a"
        frame_node="#1a1a1acc"
        matte_node="#975b5b"
        distor_node="#749797"
        noodle_curving="5"
        grid_levels="2"
        dash_alpha="0.5"
        input_node="#e64555"
        output_node="#b33641"
        filter_node="#584d80"
        vector_node="#9b80ff"
        texture_node="#e68745"
        shader_node="#39c884"
        script_node="#084d4d"
        pattern_node="#6c696f"
        layout_node="#6c696f"
        geometry_node="#00d6a3"
        attribute_node="#001566"
        simulation_zone="#66416233"
        repeat_zone="#76512f33"
        foreach_geometry_element_zone="#33527f33"
        >
        <space>
          <ThemeSpaceGeneric
            back="#1d2026"
            title="#eeeeee"
            text="#e6e6e6"
            text_hi="#ffffff"
            header="#424242ff"
            header_text="#eeeeee"
            header_text_hi="#ffffff"
            button="#1d202600"
            button_title="#ffffff"
            button_text="#e5e5e5"
            button_text_hi="#ffffff"
            navigation_bar="#00000000"
            execution_buts="#00000000"
            tab_active="#4b4b4b"
            tab_inactive="#2b2b2b"
            tab_back="#232323ff"
            tab_outline="#232323ff"
            >
            <panelcolors>
              <ThemePanelColors
                header="#1c1f26ff"
                back="#6666661a"
                sub_back="#6666661a"
                >
              </ThemePanelColors>
            </panelcolors>
          </ThemeSpaceGeneric>
        </space>
        <space_list>
          <ThemeSpaceListGeneric
            list="#2e2e2e"
            list_title="#ffffff"
            list_text="#cccccc"
            list_text_hi="#ffffff"
            >
          </ThemeSpaceListGeneric>
        </space_list>
      </ThemeNodeEditor>
    </node_editor>
    <outliner>
      <ThemeOutliner
        match="#337f33"
        selected_highlight="#7f765b"
        active="#3b5689"
        selected_object="#616da7"
        active_object="#d81037"
        edited_object="#00806266"
        row_alternate="#ffffff07"
        >
        <space>
          <ThemeSpaceGeneric
            back="#1c1f26"
            title="#ffffff"
            text="#c3c3c3"
            text_hi="#ffffff"
            header="#424242ff"
            header_text="#eeeeee"
            header_text_hi="#ffffff"
            button="#454545ff"
            button_title="#ffffff"
            button_text="#e5e5e5"
            button_text_hi="#ffffff"
            navigation_bar="#00000000"
            execution_buts="#00000000"
            tab_active="#4b4b4b"
            tab_inactive="#2b2b2b"
            tab_back="#232323ff"
            tab_outline="#232323ff"
            >
            <panelcolors>
              <ThemePanelColors
                header="#424242cc"
                back="#333333b3"
                sub_back="#0000003e"
                >
              </ThemePanelColors>
            </panelcolors>
          </ThemeSpaceGeneric>
        </space>
      </ThemeOutliner>
    </outliner>
    <info>
      <ThemeInfo
        info_selected="#6080ff"
        info_selected_text="#ffffff"
        info_error="#990000ff"
        info_error_text="#ffffff"
        info_warning="#f5bc41ff"
        info_warning_text="#ffffff"
        info_info="#5f5b4dff"
        info_info_text="#ffffff"
        info_debug="#d3d3d3ff"
        info_debug_text="#000000"
        info_property="#3ace87ff"
        info_property_text="#ffffff"
        info_operator="#3ace87ff"
        info_operator_text="#ffffff"
        >
        <space>
          <ThemeSpaceGeneric
            back="#424242"
            title="#eeeeee"
            text="#e6e6e6"
            text_hi="#ffffff"
            header="#424242ff"
            header_text="#eeeeee"
            header_text_hi="#ffffff"
            button="#424242ff"
            button_title="#ffffff"
            button_text="#e5e5e5"
            button_text_hi="#ffffff"
            navigation_bar="#00000000"
            execution_buts="#00000000"
            tab_active="#4b4b4b"
            tab_inactive="#2b2b2b"
            tab_back="#232323ff"
            tab_outline="#232323ff"
            >
            <panelcolors>
              <ThemePanelColors
                header="#424242cc"
                back="#333333b3"
                sub_back="#0000003e"
                >
              </ThemePanelColors>
            </panelcolors>
          </ThemeSpaceGeneric>
        </space>
      </ThemeInfo>
    </info>
    <preferences>
      <ThemePreferences>
        <space>
          <ThemeSpaceGeneric
            back="#1c1f26"
            title="#eeeeee"
            text="#e6e6e6"
            text_hi="#ffffff"
            header="#424242ff"
            header_text="#eeeeee"
            header_text_hi="#ffffff"
            button="#424242ff"
            button_title="#ffffff"
            button_text="#e5e5e5"
            button_text_hi="#ffffff"
            navigation_bar="#1b1d24ff"
            execution_buts="#4b4b4bff"
            tab_active="#4b4b4b"
            tab_inactive="#2b2b2b"
            tab_back="#232323ff"
            tab_outline="#232323ff"
            >
            <panelcolors>
              <ThemePanelColors
                header="#42424200"
                back="#6666661a"
                sub_back="#4d4d4d1a"
                >
              </ThemePanelColors>
            </panelcolors>
          </ThemeSpaceGeneric>
        </space>
      </ThemePreferences>
    </preferences>
    <console>
      <ThemeConsole
        line_output="#71a8ff"
        line_input="#f2f2f2"
        line_info="#95d600"
        line_error="#ff4d84"
        cursor="#ff0000"
        select="#ffffff30"
        >
        <space>
          <ThemeSpaceGeneric
            back="#303030"
            title="#eeeeee"
            text="#e6e6e6"
            text_hi="#ffffff"
            header="#424242ff"
            header_text="#eeeeee"
            header_text_hi="#ffffff"
            button="#424242ff"
            button_title="#ffffff"
            button_text="#e5e5e5"
            button_text_hi="#ffffff"
            navigation_bar="#00000000"
            execution_buts="#00000000"
            tab_active="#4b4b4b"
            tab_inactive="#2b2b2b"
            tab_back="#232323ff"
            tab_outline="#232323ff"
            >
            <panelcolors>
              <ThemePanelColors
                header="#424242cc"
                back="#333333b3"
                sub_back="#0000003e"
                >
              </ThemePanelColors>
            </panelcolors>
          </ThemeSpaceGeneric>
        </space>
      </ThemeConsole>
    </console>
    <clip_editor>
      <ThemeClipEditor
        grid="#000000ff"
        marker_outline="#000000"
        marker="#7f7f00"
        active_marker="#ffffff"
        selected_marker="#ffff00"
        disabled_marker="#7f0000"
        locked_marker="#7f7f7f"
        path_before="#ff0000"
        path_after="#0000ff"
        path_keyframe_before="#ffc4c4"
        path_keyframe_after="#c4c4ff"
        frame_current="#5680c2"
        time_scrub_background="#292929e6"
        time_marker_line="#00000060"
        time_marker_line_selected="#ffffff60"
        strips="#0c0a0a"
        strips_selected="#ff8c00"
        metadatabg="#000000"
        metadatatext="#ffffff"
        handle_free="#000000"
        handle_auto="#909000"
        handle_align="#803060"
        handle_sel_free="#000000"
        handle_sel_auto="#f0ff40"
        handle_sel_align="#f090a0"
        handle_auto_clamped="#000000"
        handle_sel_auto_clamped="#000000"
        handle_vertex="#000000"
        handle_vertex_select="#ffff00"
        handle_vertex_size="5"
        >
        <space>
          <ThemeSpaceGeneric
            back="#424242"
            title="#eeeeee"
            text="#e6e6e6"
            text_hi="#ffffff"
            header="#424242ff"
            header_text="#eeeeee"
            header_text_hi="#ffffff"
            button="#424242ff"
            button_title="#ffffff"
            button_text="#e5e5e5"
            button_text_hi="#ffffff"
            navigation_bar="#00000000"
            execution_buts="#00000000"
            tab_active="#4b4b4b"
            tab_inactive="#2b2b2b"
            tab_back="#232323ff"
            tab_outline="#232323ff"
            >
            <panelcolors>
              <ThemePanelColors
                header="#424242cc"
                back="#333333b3"
                sub_back="#0000003e"
                >
              </ThemePanelColors>
            </panelcolors>
          </ThemeSpaceGeneric>
        </space>
        <space_list>
          <ThemeSpaceListGeneric
            list="#666666"
            list_title="#000000"
            list_text="#000000"
            list_text_hi="#ffffff"
            >
          </ThemeSpaceListGeneric>
        </space_list>
      </ThemeClipEditor>
    </clip_editor>
    <topbar>
      <ThemeTopBar>
        <space>
          <ThemeSpaceGeneric
            back="#1c1f26"
            title="#ffffff"
            text="#e6e6e6"
            text_hi="#ffffff"
            header="#232323ff"
            header_text="#eeeeee"
            header_text_hi="#ffffff"
            button="#424242ff"
            button_title="#ffffff"
            button_text="#e5e5e5"
            button_text_hi="#ffffff"
            navigation_bar="#00000000"
            execution_buts="#00000000"
            tab_active="#4b4b4b"
            tab_inactive="#2b2b2b"
            tab_back="#232323ff"
            tab_outline="#232323ff"
            >
            <panelcolors>
              <ThemePanelColors
                header="#424242cc"
                back="#333333b3"
                sub_back="#0000003e"
                >
              </ThemePanelColors>
            </panelcolors>
          </ThemeSpaceGeneric>
        </space>
      </ThemeTopBar>
    </topbar>
    <statusbar>
      <ThemeStatusBar>
        <space>
          <ThemeSpaceGeneric
            back="#2e2e2e"
            title="#ffffff"
            text="#838383"
            text_hi="#ffffff"
            header="#303030ff"
            header_text="#aaaaaa"
            header_text_hi="#ffffff"
            button="#353535ff"
            button_title="#000000"
            button_text="#000000"
            button_text_hi="#ffffff"
            navigation_bar="#00000000"
            execution_buts="#00000000"
            tab_active="#4b4b4b"
            tab_inactive="#2b2b2b"
            tab_back="#232323ff"
            tab_outline="#232323ff"
            >
            <panelcolors>
              <ThemePanelColors
                header="#424242cc"
                back="#333333b3"
                sub_back="#0000003e"
                >
              </ThemePanelColors>
            </panelcolors>
          </ThemeSpaceGeneric>
        </space>
      </ThemeStatusBar>
    </statusbar>
    <spreadsheet>
      <ThemeSpreadsheet
        row_alternate="#ffffff04"
        >
        <space>
          <ThemeSpaceGeneric
            back="#282828"
            title="#ffffff"
            text="#c3c3c3"
            text_hi="#ffffff"
            header="#303030b3"
            header_text="#eeeeee"
            header_text_hi="#ffffff"
            button="#30303000"
            button_title="#ffffff"
            button_text="#cccccc"
            button_text_hi="#ffffff"
            navigation_bar="#1d1d1dff"
            execution_buts="#303030ff"
            tab_active="#303030"
            tab_inactive="#1d1d1d"
            tab_back="#181818ff"
            tab_outline="#3d3d3dff"
            >
            <panelcolors>
              <ThemePanelColors
                header="#3d3d3dff"
                back="#3d3d3dff"
                sub_back="#0000001f"
                >
              </ThemePanelColors>
            </panelcolors>
          </ThemeSpaceGeneric>
        </space>
        <space_list>
          <ThemeSpaceListGeneric
            list="#303030"
            list_title="#c3c3c3"
            list_text="#b8b8b8"
            list_text_hi="#ffaf23"
            >
          </ThemeSpaceListGeneric>
        </space_list>
      </ThemeSpreadsheet>
    </spreadsheet>
    <bone_color_sets>
      <ThemeBoneColorSet
        normal="#9a0000"
        select="#bd1111"
        active="#f70a0a"
        show_colored_constraints="FALSE"
        >
      </ThemeBoneColorSet>
      <ThemeBoneColorSet
        normal="#f74018"
        select="#f66913"
        active="#fa9900"
        show_colored_constraints="FALSE"
        >
      </ThemeBoneColorSet>
      <ThemeBoneColorSet
        normal="#1e9109"
        select="#59b70b"
        active="#83ef1d"
        show_colored_constraints="FALSE"
        >
      </ThemeBoneColorSet>
      <ThemeBoneColorSet
        normal="#0a3694"
        select="#3667df"
        active="#5ec1ef"
        show_colored_constraints="FALSE"
        >
      </ThemeBoneColorSet>
      <ThemeBoneColorSet
        normal="#a9294e"
        select="#c1416a"
        active="#f05d91"
        show_colored_constraints="FALSE"
        >
      </ThemeBoneColorSet>
      <ThemeBoneColorSet
        normal="#430c78"
        select="#543aa3"
        active="#8764d5"
        show_colored_constraints="FALSE"
        >
      </ThemeBoneColorSet>
      <ThemeBoneColorSet
        normal="#24785a"
        select="#3c9579"
        active="#6fb6ab"
        show_colored_constraints="FALSE"
        >
      </ThemeBoneColorSet>
      <ThemeBoneColorSet
        normal="#4b707c"
        select="#6a8691"
        active="#9bc2cd"
        show_colored_constraints="FALSE"
        >
      </ThemeBoneColorSet>
      <ThemeBoneColorSet
        normal="#f4c90c"
        select="#eec236"
        active="#f3ff00"
        show_colored_constraints="FALSE"
        >
      </ThemeBoneColorSet>
      <ThemeBoneColorSet
        normal="#1e2024"
        select="#484c56"
        active="#ffffff"
        show_colored_constraints="FALSE"
        >
      </ThemeBoneColorSet>
      <ThemeBoneColorSet
        normal="#6f2f6a"
        select="#9845be"
        active="#d330d6"
        show_colored_constraints="FALSE"
        >
      </ThemeBoneColorSet>
      <ThemeBoneColorSet
        normal="#6c8e22"
        select="#7fb022"
        active="#bbef5b"
        show_colored_constraints="FALSE"
        >
      </ThemeBoneColorSet>
      <ThemeBoneColorSet
        normal="#8d8d8d"
        select="#b0b0b0"
        active="#dedede"
        show_colored_constraints="FALSE"
        >
      </ThemeBoneColorSet>
      <ThemeBoneColorSet
        normal="#834326"
        select="#8b5811"
        active="#bd6a11"
        show_colored_constraints="FALSE"
        >
      </ThemeBoneColorSet>
      <ThemeBoneColorSet
        normal="#08310e"
        select="#1c430b"
        active="#34622b"
        show_colored_constraints="FALSE"
        >
      </ThemeBoneColorSet>
      <ThemeBoneColorSet
        normal="#000000"
        select="#000000"
        active="#000000"
        show_colored_constraints="FALSE"
        >
      </ThemeBoneColorSet>
      <ThemeBoneColorSet
        normal="#000000"
        select="#000000"
        active="#000000"
        show_colored_constraints="FALSE"
        >
      </ThemeBoneColorSet>
      <ThemeBoneColorSet
        normal="#000000"
        select="#000000"
        active="#000000"
        show_colored_constraints="FALSE"
        >
      </ThemeBoneColorSet>
      <ThemeBoneColorSet
        normal="#000000"
        select="#000000"
        active="#000000"
        show_colored_constraints="FALSE"
        >
      </ThemeBoneColorSet>
      <ThemeBoneColorSet
        normal="#000000"
        select="#000000"
        active="#000000"
        show_colored_constraints="FALSE"
        >
      </ThemeBoneColorSet>
    </bone_color_sets>
    <collection_color>
      <ThemeCollectionColor
        color="#e2605b"
        >
      </ThemeCollectionColor>
      <ThemeCollectionColor
        color="#f1a355"
        >
      </ThemeCollectionColor>
      <ThemeCollectionColor
        color="#f1dc55"
        >
      </ThemeCollectionColor>
      <ThemeCollectionColor
        color="#7bcc7b"
        >
      </ThemeCollectionColor>
      <ThemeCollectionColor
        color="#5db6ea"
        >
      </ThemeCollectionColor>
      <ThemeCollectionColor
        color="#8d59da"
        >
      </ThemeCollectionColor>
      <ThemeCollectionColor
        color="#c673b8"
        >
      </ThemeCollectionColor>
      <ThemeCollectionColor
        color="#7a5441"
        >
      </ThemeCollectionColor>
    </collection_color>
    <strip_color>
      <ThemeStripColor
        color="#e2605b"
        >
      </ThemeStripColor>
      <ThemeStripColor
        color="#f1a355"
        >
      </ThemeStripColor>
      <ThemeStripColor
        color="#f1dc55"
        >
      </ThemeStripColor>
      <ThemeStripColor
        color="#7bcc7b"
        >
      </ThemeStripColor>
      <ThemeStripColor
        color="#5db6ea"
        >
      </ThemeStripColor>
      <ThemeStripColor
        color="#8d59da"
        >
      </ThemeStripColor>
      <ThemeStripColor
        color="#c673b8"
        >
      </ThemeStripColor>
      <ThemeStripColor
        color="#7a5441"
        >
      </ThemeStripColor>
      <ThemeStripColor
        color="#5f5f5f"
        >
      </ThemeStripColor>
    </strip_color>
  </Theme>
  <ThemeStyle>
    <panel_title>
      <ThemeFontStyle
        points="12"
        character_weight="400"
        shadow="1"
        shadow_offset_x="0"
        shadow_offset_y="-1"
        shadow_alpha="0.15"
        shadow_value="1"
        >
      </ThemeFontStyle>
    </panel_title>
    <widget>
      <ThemeFontStyle
        points="11"
        character_weight="400"
        shadow="0"
        shadow_offset_x="0"
        shadow_offset_y="0"
        shadow_alpha="0.25"
        shadow_value="0"
        >
      </ThemeFontStyle>
    </widget>
    <tooltip>
      <ThemeFontStyle
        points="11"
        character_weight="400"
        shadow="1"
        shadow_offset_x="0"
        shadow_offset_y="-1"
        shadow_alpha="0.5"
        shadow_value="0"
        >
      </ThemeFontStyle>
    </tooltip>
  </ThemeStyle>
</bpy>
